ClientName,DeliveryAddress,DeliveryCity,DeliveryPostcode,DeliveryCountry,DeliveryContactNumber
MacGyver Inc,72 Academy Street,Swindon,SN4 9QP,UK,+44 7911 843910
HOWELL LLC,91 Buckingham Rd,Grimsby,DN37 9TS,UK,+44 251 496 0566
HOWELL LLC,91 Buckingham Rd,Grimsby,DN37 9TS,UK,+44 151 496 0566
HOWELL LLC,91 Buckingham Rd,Grimsby,DN37 9TS,UK,+44 151 496 0566
HOWELL LLC,91 Buckingham Rd,Grimsby,DN37 9TS,UK,+44 151 496 0566
Padberg Inc,4 Boar Lane,Guildford,GU5 9DJ,UK,+44 7700 043202
Padberg Inc,4 Boar Lane,Guildford,GU5 9DJ,UK,+44 7700 043202
Padberg Inc,4 Boar Lane,Guildford,GU5 9DJ,UK,+44 7700 043202
Padberg Inc,4 Boar Lane,Guildford,GU5 9DJ,UK,+44 7700 043202
Russel Turner Limited,77 Berkeley Rd,Okehampton,EX20 1EL,UK,
"Quitzon, Luettgen and Waters",72 Scrimshire Lane,Edinburgh,EH7 4GT,UK,+44 115 496 0157
"Quitzon, Luettgen and Waters",72 Scrimshire Lane,Edinburgh,EH7 4GT,UK,+44 115 496 0157
Stanton - Reilly,33 Manchester Road,YORK,YO29 6FZ,UK,
Stanton - Reilly,33 Manchester Road,YORK,YO29 6FZ,UK,
Stanton - Reilly,33 Manchester Road,YORK,YO29 6FZ,UK,
Rath - Schroeder,45 Park Avenue,NEWPORT,NP80 1OK,UK,+44 7457 884830
Rath - Schroeder,45 Park Avenue,NEWPORT,NP80 1OK,UK,+44 7457 884830
Rath - Schroeder,45 Park Avenue,NEWPORT,NP80 1OK,UK,+44 7457 884830
"Gleason, Rau and Spinka",2290 Cottrill Lane,WAKEFIELD,WF63 0TY,UK,+44 114 496 0511
"Gleason, Rau and Spinka",2290 Cottrill Lane,WAKEFIELD,WF63 0TY,UK,+44 114 496 0511
"Gleason, Rau and Spinka",2290 Cottrill Lane,WAKEFIELD,WF63 0TY,UK,+44 114 496 0511
"Gleason, Rau and Spinka",2290 Cottrill Lane,WAKEFIELD,WF63 0TY,UK,+44 114 496 0511
Zemlak LTD,3246 Gambler Lane,NORTH LONDON,N61 3FK,UK,+44 7700 023180
ZEMLAK LTD,3246 Gambler Lane,NORTH LONDON,N61 3FK,UK,+44 7700 023180
ZEMLAK LTD,3246 Gambler Lane,NORTH LONDON,N61 3FK,UK,+44 7700 023180
ZEMLAK LTD,3246 Gambler Lane,NORTH LONDON,N61 3FK,UK,+44 7700 023180
